# Netlify redirects file for SEO and user experience

# Redirect common variations to canonical URLs
/ai-girlfriends /categories/ai-girlfriends.html 301
/character-chat /categories/character-chat.html 301
/productivity /categories/productivity-bots.html 301
/therapy /categories/therapy-bots.html 301

# Character redirects (short URLs)
/character-ai /companions/character-ai.html 301
/replika /companions/replika.html 301
/janitor-ai /companions/janitor-ai.html 301
/crushon-ai /companions/crushon-ai.html 301
/chai /companions/chai.html 301
/claude /companions/claude.html 301

# Common misspellings and variations
/characterai /companions/character-ai.html 301
/character.ai /companions/character-ai.html 301
/janitorai /companions/janitor-ai.html 301
/crushon /companions/crushon-ai.html 301

# Legacy URL patterns (if migrating from another platform)
/review/* /companions/:splat.html 301
/reviews/* /companions/:splat.html 301
/platform/* /companions/:splat.html 301

# Catch-all for missing pages (404 -> homepage with helpful message)
/* /index.html 200